customer_id,account_age_days,customer_age,num_purchases,avg_order_value,total_spend,days_since_last_purchase,product_categories,email_engagement_rate,returns_count,support_tickets,is_mobile_user,is_newsletter_subscriber,is_premium_member,customer_lifetime_value
1,861,64,6,166.91,871.66,40,3,21.58,2,1,1,1,0,1527.42
2,1045,29,11,200.06,2611.52,12,4,43.27,0,1,1,1,1,10529.66
3,122,47,7,95.73,571.23,128,3,34.72,0,1,0,1,0,1094.97
4,467,36,10,237.41,2571.13,40,1,3.9,0,2,0,1,0,4915.51
5,331,25,8,54.83,480.18,17,5,44.51,0,2,0,0,0,1295.36
6,88,48,10,273.45,3142.98,27,1,15.14,0,0,1,1,0,7945.42
7,872,37,8,168.35,1704.71,74,1,16.23,0,4,1,1,1,3225.23
8,131,35,13,57.26,637.0,8,4,29.43,0,1,0,0,0,2080.13
9,770,37,12,68.62,985.23,16,4,36.63,0,0,1,0,1,3533.17
10,344,22,8,127.88,1050.01,51,3,66.74,0,2,0,1,0,2507.19
11,806,28,6,208.19,1422.24,17,2,12.3,1,0,1,1,0,3222.3
12,386,35,8,33.62,236.99,71,2,33.04,0,0,1,0,0,467.4
13,956,32,11,193.56,1887.42,6,3,40.36,0,0,0,0,0,5938.49
14,277,50,11,118.26,1793.42,65,2,23.17,0,0,1,1,1,4674.89
15,460,37,4,30.86,129.63,3,2,55.42,0,0,1,1,0,412.45
16,22,45,12,156.13,2253.39,1,4,65.13,0,0,0,1,1,11927.18
17,253,35,10,161.97,1771.91,103,2,33.65,0,2,0,0,0,3234.12
18,748,47,10,105.78,939.99,39,2,8.92,0,2,0,1,0,1945.59
19,857,39,10,72.67,819.52,20,2,8.58,0,1,0,1,0,1900.14
20,475,35,11,60.2,783.69,12,1,30.96,1,0,1,0,1,2819.62
21,1083,34,7,136.06,832.77,43,3,34.98,0,0,1,1,0,1847.24
22,511,23,11,43.77,458.26,32,4,50.88,0,1,1,0,0,1401.53
23,700,41,15,232.75,3164.35,215,4,28.95,0,1,1,1,0,6513.86
24,976,34,9,60.72,550.94,184,2,24.36,1,1,1,1,0,958.17
25,190,28,12,182.35,2310.86,45,2,31.43,0,1,0,1,0,6034.63
26,958,48,8,159.09,1269.22,26,3,27.68,1,3,1,0,0,2854.69
27,687,19,6,125.71,1027.78,30,3,20.01,0,0,0,0,1,2590.65
28,958,29,8,190.99,1465.99,52,5,62.13,0,1,1,0,0,3701.63
29,563,47,10,54.52,468.01,5,2,31.28,1,1,1,1,0,1337.81
30,832,38,9,183.58,1887.21,18,1,9.07,0,0,1,1,0,4591.75
31,647,34,11,179.02,2157.92,4,5,27.17,0,2,0,1,0,7302.88
32,21,38,10,179.48,1565.07,3,5,45.25,2,2,1,1,0,5036.8
33,841,37,10,140.64,1800.44,10,4,34.39,2,0,1,1,1,6256.65
34,167,18,6,53.45,433.81,30,3,17.54,2,1,0,0,1,940.31
35,388,30,6,81.8,445.24,69,2,62.07,1,1,1,1,0,968.7
36,601,54,9,194.93,1795.38,30,3,40.08,4,0,1,0,0,3396.23
37,316,27,9,83.17,982.89,18,2,12.84,0,1,0,0,1,2632.64
38,14,31,4,54.02,256.32,4,2,9.43,0,0,1,1,1,752.39
39,242,28,5,340.27,1518.22,36,5,17.76,0,0,1,0,0,2880.53
40,777,33,9,35.11,340.54,14,4,3.53,0,0,0,1,0,919.37
41,565,28,10,75.05,923.77,43,3,57.38,0,0,1,0,1,2981.29
42,898,40,9,152.41,1266.39,170,5,25.44,0,1,1,1,0,2276.09
43,92,37,9,359.27,3464.15,5,3,10.08,1,0,1,1,0,9600.94
44,956,44,10,89.94,1252.04,11,1,27.05,2,0,1,1,1,4212.71
45,509,22,8,84.34,818.28,29,3,8.93,0,0,1,0,1,2157.77
46,776,30,12,99.0,1320.81,156,2,45.31,1,0,1,0,0,2696.52
47,35,32,11,54.64,635.0,66,1,37.81,0,1,1,1,0,1569.54
48,206,40,11,45.48,477.1,103,2,39.13,0,0,1,0,0,1044.96
49,1026,25,10,182.74,2323.92,18,2,28.98,0,1,0,1,1,7043.21
50,1022,45,7,109.1,1060.32,217,1,34.61,0,1,0,0,1,2249.18
51,566,49,6,33.57,239.22,5,2,22.59,0,0,0,1,1,709.25
52,703,23,10,52.98,524.87,2,4,41.2,0,1,1,1,0,1939.58
53,402,29,7,251.96,1845.01,87,3,40.36,2,1,1,1,0,3369.79
54,730,28,6,215.55,1308.62,118,1,29.67,2,3,1,1,0,2111.42
55,162,66,9,61.92,575.36,4,3,52.19,0,0,0,1,0,1909.2
56,202,29,10,138.2,1401.12,5,4,45.22,0,1,1,1,0,5051.92
57,996,55,13,40.53,479.4,2,2,11.93,2,0,1,1,0,1367.99
58,270,19,9,75.51,661.29,5,1,12.3,0,1,1,1,0,1665.85
59,816,23,15,482.94,9507.67,11,3,9.3,1,0,1,0,1,31302.23
60,456,26,4,124.03,537.8,158,3,15.97,0,1,1,1,0,778.4
61,1017,24,7,76.79,731.02,50,1,34.42,1,0,1,1,1,1664.19
62,296,31,9,97.72,860.15,68,2,69.18,2,0,1,1,0,1978.84
63,720,26,11,66.31,1083.24,67,5,28.77,0,0,0,1,1,2910.9
64,338,25,5,41.28,182.12,34,2,31.35,0,0,1,0,0,373.21
65,879,48,7,218.68,1396.14,72,1,38.09,0,1,0,0,0,2893.81
66,1077,49,10,31.11,296.3,41,1,35.12,1,0,1,1,0,659.18
67,792,46,8,150.94,1109.21,17,5,17.07,0,1,1,1,0,2821.23
68,217,41,12,90.64,1128.6,37,1,20.75,0,0,1,0,0,2932.12
69,764,36,12,221.03,2971.78,34,2,36.66,0,0,1,0,1,10722.83
70,188,29,9,91.78,746.05,78,2,21.47,0,0,1,1,0,1489.18
71,380,23,11,114.07,1176.98,180,4,22.37,1,3,1,1,0,2197.36
72,493,39,9,95.1,902.99,24,2,21.51,0,1,1,1,0,2223.92
73,1065,20,6,146.24,976.39,65,2,39.67,0,0,1,1,0,2191.73
74,15,23,6,54.03,459.16,5,3,13.76,1,0,1,0,1,1227.29
75,65,48,13,74.28,873.51,67,2,20.44,1,2,1,1,0,1939.77
76,521,57,8,213.44,1741.03,21,5,64.26,1,1,1,1,0,5015.9
77,648,39,14,155.98,2438.65,2,1,40.43,1,0,1,1,1,10053.15
78,1087,48,7,124.61,822.71,20,5,14.12,1,1,0,1,0,1776.68
79,593,32,8,114.32,1298.11,42,3,31.96,1,1,1,1,1,3494.96
80,392,18,13,81.71,1048.36,6,4,15.13,0,1,1,1,0,3361.42
81,419,42,9,88.76,714.98,116,2,67.04,0,1,0,0,0,1477.44
82,289,41,13,124.29,1586.02,4,1,12.26,1,1,0,1,0,5029.13
83,379,35,4,163.35,594.21,120,4,13.63,1,1,0,1,0,768.48
84,231,32,10,124.18,1562.61,55,1,37.73,0,0,0,1,1,4806.69
85,1018,46,7,161.03,1123.11,18,5,17.99,1,0,0,1,0,2317.97
86,41,23,7,142.05,949.46,22,2,51.16,2,1,0,1,0,2050.93
87,1052,25,9,80.91,823.6,61,3,33.15,2,0,1,1,0,1592.14
88,135,22,9,74.96,687.25,41,1,49.82,1,2,0,0,0,1620.71
89,201,36,7,43.47,436.22,50,2,12.18,0,1,0,1,1,1094.75
90,780,21,6,147.91,956.86,22,2,11.52,0,3,0,0,0,1741.3
91,930,26,10,176.93,2411.37,30,1,29.95,1,1,0,1,1,6401.33
92,1057,26,12,97.68,1522.36,207,5,40.57,0,0,1,1,1,3857.7
93,1072,31,8,48.06,327.03,11,3,6.09,1,1,1,1,0,804.87
94,503,18,10,49.72,668.36,24,2,39.88,1,2,0,1,1,1986.73
95,407,36,5,59.48,284.56,16,1,35.24,0,0,1,1,0,669.3
96,805,49,5,72.67,321.7,65,4,37.62,0,3,0,1,0,578.77
97,99,36,7,78.98,543.68,65,5,17.92,1,0,1,1,0,951.85
98,684,53,5,104.86,561.34,16,4,52.11,0,0,0,1,0,1437.81
99,726,51,11,262.25,4269.55,4,3,8.34,0,1,0,1,1,14635.4
100,961,44,11,140.7,1489.23,1,2,32.19,0,1,1,0,0,5468.46
101,613,35,10,202.21,2048.04,25,2,39.57,0,1,1,0,0,5980.98
102,643,35,16,59.21,1047.25,24,1,12.96,0,4,1,1,0,2894.73
103,1029,44,8,67.86,515.84,201,4,5.75,1,2,0,1,0,740.66
104,503,30,14,107.26,1340.49,29,1,58.24,1,0,0,1,0,4231.11
105,767,18,6,126.06,918.92,13,2,42.63,0,0,1,1,1,2722.38
106,398,40,11,74.32,915.47,100,3,39.99,1,0,1,0,0,2089.6
107,871,21,8,103.12,962.88,30,3,25.03,1,0,0,1,1,2637.94
108,795,23,12,241.48,3574.08,41,4,31.03,1,0,0,1,1,11567.98
109,393,35,8,75.9,600.74,5,1,28.07,1,0,1,0,0,1600.86
110,207,33,11,79.99,971.46,22,1,43.64,2,2,1,0,0,2579.29
111,1039,18,10,51.82,586.22,130,2,27.55,0,0,0,0,0,1232.06
112,892,36,13,223.07,3685.9,40,1,13.28,3,5,1,0,1,7654.31
113,864,46,6,33.53,227.23,19,1,12.6,0,0,0,0,0,523.19
114,743,21,7,115.75,727.94,44,3,51.2,1,1,1,1,0,1732.68
115,564,50,9,106.26,857.88,109,1,8.19,1,1,0,1,0,1573.01
116,1021,18,12,64.59,879.54,14,1,39.15,1,1,1,1,0,2712.27
117,96,60,6,59.76,359.63,32,3,18.51,1,1,0,1,0,636.46
118,485,30,7,73.93,468.78,143,1,3.9,1,1,1,0,0,749.33
119,231,36,8,64.41,513.44,9,4,39.8,0,3,1,1,0,1439.25
120,749,18,11,57.18,682.47,57,4,35.91,1,1,1,1,0,1486.7
121,541,34,8,102.19,897.73,43,2,25.68,2,0,0,1,0,1688.96
122,1060,37,9,61.69,615.79,51,1,18.77,0,2,1,1,0,1160.68
123,525,33,10,118.47,1572.24,19,3,56.8,1,1,1,0,1,4895.34
124,578,28,8,136.63,1213.33,17,5,28.53,2,0,1,1,0,3008.51
125,682,23,8,85.73,687.89,52,1,22.39,0,1,1,1,0,1344.36
126,557,48,9,101.48,942.7,11,2,11.24,0,0,1,1,0,2263.99
127,1013,35,12,222.06,2871.54,24,2,11.94,1,1,1,1,0,6813.8
128,646,53,13,149.28,1897.23,9,2,40.21,1,0,0,0,0,6270.89
129,796,28,9,43.91,344.66,0,5,22.12,2,0,0,1,0,927.2
130,1052,29,12,172.9,2576.01,158,4,1.14,1,0,0,0,1,4980.21
131,190,44,6,299.99,1866.88,25,3,17.04,1,0,0,0,0,3616.36
132,633,18,11,166.37,1661.11,157,4,45.07,0,0,1,0,0,3792.68
133,628,20,10,99.66,1158.87,7,1,37.26,0,0,0,1,1,4116.36
134,973,48,10,155.21,1455.74,40,2,19.09,0,0,1,0,0,3457.19
135,710,20,8,154.34,1061.38,10,3,65.33,0,1,1,1,0,3106.51
136,649,18,10,175.14,1879.34,70,5,10.73,0,0,1,0,0,3624.22
137,318,57,13,88.26,1383.68,69,4,9.09,1,0,1,0,1,3470.5
138,684,18,8,40.62,288.35,5,3,8.22,1,0,1,0,0,678.95
139,664,37,11,77.97,908.87,109,1,15.36,2,1,1,0,0,1504.07
140,442,35,8,116.78,1030.32,10,3,37.59,1,0,0,1,0,2770.41
141,564,18,5,211.16,1174.85,43,1,18.45,1,0,1,1,1,2495.07
142,952,31,10,162.21,1940.18,191,1,23.96,0,1,1,1,1,4523.35
143,699,40,5,91.26,517.23,96,2,5.65,0,1,1,0,0,730.15
144,113,39,8,101.68,785.47,141,1,51.11,0,0,1,1,0,1739.68
145,2,45,16,27.19,492.28,19,2,45.85,0,2,1,1,0,1756.86
146,642,30,11,106.06,1087.61,5,4,22.68,1,0,1,1,0,3486.64
147,220,43,6,49.15,350.97,9,3,22.56,1,1,1,1,1,951.34
148,855,26,8,299.67,2191.78,31,1,26.84,0,1,0,0,0,5354.5
149,385,18,4,50.48,176.79,71,4,30.79,0,0,0,1,0,297.43
150,1077,19,4,25.18,112.71,7,2,28.79,1,1,1,0,0,237.88
151,730,18,9,69.59,716.46,49,4,30.69,0,0,1,1,0,1505.42
152,247,47,10,207.08,2353.17,18,3,23.7,1,2,0,0,0,6253.05
153,836,18,9,102.19,1321.83,19,2,12.03,0,1,1,1,1,3673.16
154,203,38,5,127.46,703.62,49,2,30.96,0,2,1,1,0,1428.34
155,123,31,7,55.62,408.13,28,4,20.2,0,0,1,0,0,876.9
156,401,33,8,87.63,769.63,75,3,27.85,0,1,0,1,0,1654.91
157,767,51,8,129.62,946.21,8,2,8.13,0,0,1,1,0,2677.83
158,294,29,5,65.02,314.16,70,1,21.15,0,0,0,1,0,612.01
159,280,42,6,151.17,945.37,3,1,15.41,0,2,1,1,0,2373.95
160,884,35,14,73.52,1145.07,10,1,37.46,1,1,1,1,0,4012.55
161,198,33,12,57.86,727.8,48,1,29.15,1,2,1,1,0,1798.14
162,982,62,5,149.54,823.73,87,3,16.66,0,0,0,1,0,1352.6
163,752,18,9,69.07,616.76,13,2,18.19,1,0,0,1,0,1546.38
164,144,50,7,118.72,1150.79,18,2,33.56,0,0,1,1,1,3697.91
165,609,42,5,107.34,614.0,35,1,32.33,0,1,1,1,0,1215.52
166,187,29,6,172.55,1206.0,11,3,26.2,0,2,1,0,1,3650.98
167,464,54,13,113.38,1662.75,75,1,35.25,1,0,1,1,0,3605.62
168,660,18,10,134.68,1355.83,67,1,47.31,0,4,1,0,0,2912.2
169,764,28,8,30.67,332.71,7,1,15.31,2,0,1,1,1,905.88
170,955,20,12,283.32,3785.22,28,1,7.38,0,2,0,1,0,8583.56
171,403,39,11,131.85,1411.09,67,3,36.76,1,0,1,1,0,3064.29
172,147,21,12,109.33,1279.99,19,3,17.8,1,1,1,1,0,3551.37
173,864,40,14,34.36,630.38,45,1,35.7,1,0,1,1,1,1891.21
174,489,32,10,232.78,1991.99,2,1,38.78,0,1,1,1,0,7084.17
175,929,29,8,95.56,763.69,42,3,30.9,1,2,1,0,0,1651.91
176,551,39,6,183.35,1031.17,7,1,17.11,0,2,0,1,0,2463.02
177,338,31,9,75.45,996.06,80,2,2.96,0,4,1,0,1,1865.36
178,872,21,10,95.4,836.0,20,3,10.37,1,0,0,0,0,1898.74
179,641,68,7,39.54,273.44,15,4,12.79,1,0,1,1,0,618.15
180,473,29,8,153.65,1394.17,83,2,33.46,0,1,1,1,0,2523.29
181,151,18,8,94.18,1097.3,2,2,52.43,0,1,1,1,1,4379.4
182,263,24,11,194.37,2267.22,23,2,13.21,0,1,0,1,0,6217.45
183,144,19,11,103.59,1170.09,21,2,29.46,2,0,1,1,0,2773.12
184,346,44,7,201.72,1714.94,15,2,21.31,0,0,1,0,1,5194.95
185,624,38,5,209.99,1008.02,109,2,14.6,0,1,1,0,0,1741.24
186,1017,39,5,100.97,442.79,63,1,39.61,0,1,0,0,0,913.13
187,881,30,5,71.02,501.26,3,5,46.02,0,1,1,1,1,1833.51
188,2,31,10,27.12,333.94,56,2,30.32,0,1,1,1,1,962.74
189,897,30,8,57.29,481.39,34,4,37.31,1,1,1,1,0,1042.46
190,254,34,12,361.25,4149.77,104,2,29.73,0,2,1,1,0,9459.52
191,453,45,9,81.6,726.57,17,2,25.31,1,0,1,1,0,2012.06
192,1061,39,13,30.57,525.19,38,2,49.33,2,2,1,1,1,1576.27
193,1015,41,11,39.61,617.76,31,1,11.42,0,1,0,0,1,1704.13
194,9,40,5,92.69,423.28,30,3,12.09,1,0,1,0,0,784.68
195,816,45,4,56.3,218.35,27,1,2.93,0,0,0,1,0,391.38
196,208,38,6,108.12,749.73,10,3,33.21,1,1,0,0,1,2064.88
197,404,39,11,48.69,467.44,63,2,37.11,0,2,1,1,0,1091.99
198,152,49,6,92.11,569.99,27,1,27.31,1,2,1,1,0,1162.16
199,54,27,5,314.28,1424.84,143,2,32.06,0,0,0,0,0,2406.3
200,628,24,11,78.8,752.36,14,3,15.0,0,2,0,0,0,1828.42
201,587,20,7,95.11,968.65,52,2,19.95,0,0,0,1,1,2499.86
202,104,37,11,90.93,1313.72,127,1,22.22,0,0,0,1,1,3023.11
203,254,18,12,115.11,1229.96,49,2,12.13,1,0,1,0,0,2524.96
204,510,40,6,137.35,713.71,92,3,12.54,1,0,0,1,0,1195.28
205,99,33,9,121.07,965.33,79,2,29.68,0,2,1,1,0,1887.56
206,153,48,7,109.98,992.18,20,4,13.99,0,1,1,1,1,2432.43
207,914,26,10,90.27,948.34,41,1,35.36,0,0,1,0,0,2310.15
208,878,32,12,159.73,1997.97,8,2,49.42,0,1,0,1,0,7326.35
209,338,48,14,54.76,684.81,35,3,21.72,0,0,1,0,0,1934.39
210,822,51,5,75.33,391.73,12,3,27.01,0,1,0,1,0,900.79
211,957,26,9,39.61,346.29,61,2,8.02,1,1,0,1,0,600.03
212,161,37,6,131.0,1011.03,34,1,11.17,0,0,0,0,1,2513.0
213,801,38,12,155.58,2035.83,24,1,8.83,0,2,0,1,0,5364.37
214,398,39,9,58.46,499.7,14,4,29.31,2,2,1,1,0,1215.63
215,816,31,4,140.92,503.99,299,1,37.92,1,0,0,1,0,792.47
216,401,50,11,32.57,398.35,3,3,14.45,0,1,0,0,0,1225.17
217,640,18,13,53.84,639.47,2,1,44.62,0,1,0,1,0,2530.92
218,1057,29,8,50.3,377.5,11,4,49.56,0,0,0,1,0,1232.23
219,688,40,9,117.16,1455.74,159,2,23.87,0,1,1,1,1,3359.89
220,460,40,3,74.61,236.15,174,2,29.04,0,2,1,1,0,362.74
221,955,51,7,423.74,3233.48,48,2,25.0,2,1,1,1,0,5856.95
222,470,49,3,78.83,214.06,95,4,27.72,0,1,0,0,0,364.15
223,1046,31,12,87.87,1309.99,11,5,3.89,1,2,1,1,1,4068.61
224,750,50,12,215.74,2298.36,161,1,23.57,0,1,0,1,0,4955.35
225,38,26,9,61.29,725.97,7,2,1.86,1,1,1,1,1,1932.97
226,230,46,15,88.28,1241.8,5,1,43.06,0,0,0,0,0,5073.12
227,563,56,14,203.01,3003.21,5,3,42.19,0,0,0,1,0,12223.57
228,438,49,3,78.21,199.46,38,3,21.82,0,0,1,1,0,342.28
229,27,36,13,36.32,532.75,68,5,53.05,0,0,0,0,1,1798.14
230,226,31,8,216.16,1694.31,21,5,60.07,0,0,0,1,0,5234.2
231,798,18,10,109.92,1250.3,172,4,20.52,1,1,1,1,0,2096.3
232,284,38,7,102.88,804.6,26,3,39.32,0,1,1,1,0,1903.67
233,879,21,9,225.75,2332.81,7,1,50.94,0,0,1,0,0,7760.52
234,960,25,10,107.05,1043.74,28,3,17.5,0,1,0,1,0,2511.98
235,453,20,8,53.57,370.24,51,3,8.09,1,1,1,0,0,617.98
236,1020,29,9,171.81,1456.26,80,2,29.3,1,0,1,1,0,2690.43
237,816,34,7,84.68,624.0,28,3,30.58,0,1,1,1,0,1318.07
238,659,38,8,87.67,624.61,41,1,30.33,1,0,1,1,0,1298.84
239,547,27,11,325.32,3363.76,14,3,18.36,1,0,0,0,0,8632.88
240,1073,47,10,148.14,1284.16,47,2,20.61,0,1,0,1,0,3005.84
241,17,32,10,105.72,1049.26,192,1,5.04,1,1,1,1,0,1712.36
242,158,25,3,266.43,729.49,2,5,27.34,1,1,0,1,0,1785.31
243,477,37,7,44.53,273.47,98,2,53.8,1,0,0,1,0,502.17
244,1070,58,10,101.26,985.65,37,2,36.44,0,0,1,1,0,2520.92
245,518,39,5,76.37,364.82,13,1,7.13,0,1,1,1,0,749.81
246,99,30,14,65.34,924.99,139,4,15.53,0,2,0,1,0,2006.13
247,1061,18,9,132.12,1277.91,30,1,18.0,0,1,0,1,0,3065.66
248,280,32,12,76.31,809.3,18,5,43.71,1,0,0,0,0,2612.94
249,497,37,7,124.25,945.7,9,4,62.61,1,0,1,0,0,2561.64
250,302,30,9,94.33,728.32,13,1,10.85,0,0,0,1,0,1980.97
251,181,18,8,93.78,737.44,80,1,34.67,1,1,1,1,0,1430.68
252,607,24,12,62.14,765.27,43,2,38.46,0,0,0,1,0,2194.78
253,700,52,9,336.11,3439.74,110,1,4.69,0,1,0,1,0,6021.06
254,993,52,12,50.23,801.04,12,3,14.86,1,0,0,1,1,2715.75
255,191,24,3,76.33,205.54,6,4,50.02,0,0,0,1,0,494.35
256,253,43,6,177.44,1391.33,0,2,3.04,1,2,1,0,1,4049.48
257,981,20,6,87.92,511.02,32,4,10.26,1,1,0,1,0,912.1
258,928,51,7,120.41,1088.92,287,2,61.43,0,0,1,1,1,2281.53
259,128,37,13,175.49,2074.1,53,4,31.53,1,1,0,1,0,4533.19
260,18,46,6,99.42,775.68,17,4,14.89,1,0,1,1,1,2216.13
261,566,18,8,106.73,764.23,94,2,19.24,0,1,0,0,0,1368.87
262,570,43,8,147.13,1263.23,68,3,36.77,0,0,1,1,0,2932.42
263,686,34,14,134.33,1933.61,1,2,48.72,0,1,0,0,0,8560.96
264,626,45,10,63.61,722.4,76,4,47.71,3,0,1,1,1,1910.51
265,854,45,9,247.07,3228.58,16,1,8.97,0,0,1,1,1,10430.52
266,962,35,9,36.06,335.91,7,2,25.65,1,1,0,0,0,985.88
267,155,27,5,87.14,411.66,12,4,16.14,1,2,0,1,0,819.08
268,490,44,11,158.65,1507.29,28,1,14.44,0,2,1,1,0,3314.86
269,785,34,14,50.71,738.13,25,5,25.1,0,0,1,0,0,2245.0
270,246,24,7,31.18,210.0,15,1,35.78,0,0,1,1,0,554.02
271,1063,23,10,172.88,2522.24,9,1,12.43,0,1,0,1,1,7654.02
272,759,18,10,132.22,1137.74,65,1,13.39,0,2,0,1,0,2334.23
273,538,28,10,66.06,569.25,208,2,22.91,0,1,0,1,0,1052.71
274,921,48,4,102.15,463.69,68,3,51.44,0,0,1,1,0,980.8
275,408,37,9,68.12,698.6,16,2,30.4,1,1,1,0,0,1818.72
276,525,28,10,189.66,1627.92,13,3,11.56,1,1,0,1,0,4115.14
277,828,44,8,161.56,1376.24,11,2,49.94,0,1,1,1,0,3994.75
278,903,25,7,114.89,737.07,7,1,23.39,0,4,1,1,0,1766.17
279,36,36,5,147.27,780.81,36,2,26.77,1,0,1,1,0,1667.68
280,685,32,17,125.06,2361.29,42,3,29.68,0,2,0,1,0,6201.3
281,20,44,12,53.86,568.88,55,5,14.65,1,1,0,1,0,1204.79
282,321,18,10,35.77,428.52,51,2,11.5,1,0,1,0,1,1093.87
283,512,24,8,160.45,1100.33,16,1,2.94,0,1,0,1,0,2480.93
284,400,18,14,188.76,2965.34,18,3,2.17,0,0,1,1,1,9502.64
285,654,31,5,68.89,295.83,51,2,37.32,2,0,1,1,0,517.31
286,972,49,11,287.75,3450.75,19,4,21.06,0,0,1,1,0,8999.71
287,471,28,9,110.73,936.29,11,3,0.36,0,1,1,0,0,2218.8
288,834,28,9,30.79,276.59,21,3,62.24,1,0,1,1,0,851.79
289,727,45,6,150.09,1271.83,14,1,37.69,1,1,0,1,1,3648.43
290,854,47,10,371.29,3707.25,4,1,20.33,0,1,1,1,0,10581.26
291,51,33,6,96.04,564.02,80,5,58.18,0,1,1,1,0,1142.04
292,575,43,7,124.7,744.98,86,2,36.37,1,3,1,0,0,1190.66
293,150,22,9,288.02,2645.08,11,4,24.09,0,1,1,1,0,7788.5
294,314,51,6,30.34,161.54,3,1,6.11,0,1,1,1,0,393.33
295,570,60,14,38.99,589.25,60,3,22.8,0,1,1,1,0,1580.13
296,305,41,12,111.9,1245.24,11,4,24.77,0,1,0,1,0,3658.0
297,682,18,10,70.7,743.9,22,4,16.48,1,2,0,1,0,1808.93
298,838,28,7,112.08,818.96,3,2,28.77,1,0,0,0,0,2182.38
299,1078,42,10,59.37,614.52,12,2,41.99,2,0,1,1,0,1582.09
300,1003,29,10,236.15,2196.41,71,4,22.67,1,2,0,0,0,3851.94
301,444,50,4,155.81,579.68,73,1,6.43,1,0,1,1,0,898.61
302,613,42,8,144.22,1279.38,10,4,12.75,0,3,1,0,0,2906.24
303,993,26,9,96.42,740.98,18,1,64.39,1,0,1,1,0,2160.61
304,264,35,9,89.61,729.47,6,3,4.95,1,0,1,1,0,1995.91
305,1077,24,8,47.75,512.98,3,1,27.66,1,0,0,0,1,1678.31
306,1004,32,7,244.78,1876.46,218,5,22.15,1,2,1,1,0,2708.59
307,5,28,6,140.49,807.1,48,2,36.72,0,0,1,1,0,1838.46
308,774,49,11,78.6,1175.76,35,2,25.14,0,0,1,0,1,3590.14
309,877,60,6,167.1,1019.8,65,1,22.52,0,1,0,1,0,2004.59
310,992,18,9,165.24,1292.9,82,4,46.0,0,0,0,1,0,2847.53
311,884,18,9,136.8,1276.19,74,5,35.99,0,0,1,0,0,2756.43
312,47,32,9,276.62,3541.19,1,2,24.62,1,0,0,0,1,12123.23
313,867,18,7,209.9,2192.26,9,1,27.88,0,2,0,0,1,7265.58
314,823,35,9,159.31,1231.47,48,1,54.63,0,1,1,1,0,3297.11
315,936,43,8,87.67,735.0,21,1,26.68,0,1,0,1,0,1967.79
316,656,52,11,83.35,893.35,182,4,47.75,1,0,1,0,0,1823.79
317,269,37,8,208.88,1425.31,49,1,48.48,0,1,1,1,0,3526.15
318,370,32,9,230.44,2145.09,141,3,12.99,0,0,0,0,0,3826.94
319,636,18,10,397.14,3521.6,10,4,12.67,0,2,1,1,0,9143.46
320,657,35,9,108.2,938.34,90,5,32.68,0,1,1,1,0,2046.76
321,120,35,7,109.73,927.1,17,3,50.13,0,1,0,1,1,2782.18
322,831,42,10,45.41,435.18,205,5,16.26,1,1,1,0,0,692.35
323,1082,26,8,275.55,2199.53,8,3,35.39,0,0,1,1,0,6265.56
324,741,29,9,134.85,1511.14,33,2,36.12,1,0,1,0,1,4611.62
325,117,18,12,286.48,4539.76,71,4,2.67,1,0,1,0,1,10610.02
326,791,18,8,41.96,309.38,26,1,38.41,1,1,1,0,0,712.16
327,1013,21,10,95.93,998.21,28,5,16.91,0,0,0,0,0,2703.18
328,1082,18,9,91.82,914.12,193,4,27.16,1,0,1,0,0,1584.66
329,634,39,7,166.37,1388.62,25,1,5.21,1,0,0,0,1,3219.44
330,513,28,7,129.86,911.19,42,2,17.34,0,1,1,1,0,1884.61
331,802,28,15,144.85,2269.69,3,2,25.22,0,1,0,1,0,8844.08
332,560,23,13,70.78,938.0,83,3,30.01,0,4,0,1,0,1811.23
333,488,18,6,132.9,765.23,47,1,19.78,0,4,1,1,0,1368.54
334,897,53,13,164.6,2900.47,23,4,23.85,0,1,0,1,1,8840.02
335,704,22,9,104.67,808.69,1,1,35.81,1,0,0,1,0,2609.21
336,581,30,8,76.86,590.85,40,3,29.29,0,1,1,0,0,1248.61
337,790,18,5,51.75,261.3,1,5,10.45,1,1,1,1,0,603.22
338,861,46,6,185.26,951.69,0,1,8.73,0,0,0,1,0,2563.09
339,247,36,6,135.97,817.67,43,1,44.9,0,3,0,0,0,1813.39
340,154,25,5,418.81,2848.23,9,4,37.59,0,1,1,1,1,9034.31
341,997,30,8,206.1,2310.14,10,2,33.2,0,0,1,1,1,8649.49
342,697,55,10,41.28,364.9,48,2,26.26,1,0,1,0,0,841.59
343,1093,34,8,42.46,389.65,2,4,17.8,0,1,1,1,0,999.17
344,1071,32,7,167.44,1572.25,17,2,15.11,0,1,0,1,1,4152.04
345,1009,23,8,168.75,1294.62,7,1,36.28,0,0,1,1,0,4177.86
346,94,18,5,99.46,597.84,39,2,13.97,0,0,1,1,1,1415.68
347,958,33,10,182.8,1868.02,49,1,29.73,0,2,0,0,0,4579.98
348,1012,38,11,135.35,1659.32,57,2,35.81,0,2,1,1,0,3564.82
349,453,48,12,115.65,1396.36,13,2,10.88,0,1,1,0,0,3712.29
350,912,18,12,202.32,3309.09,4,1,22.5,1,2,1,1,1,11521.65
351,218,21,9,25.52,285.87,4,1,36.23,0,1,1,1,1,1040.05
352,474,28,11,263.1,2797.04,25,3,24.4,1,0,1,0,0,6787.86
353,432,34,10,328.64,3075.54,131,1,4.81,1,2,1,0,0,4947.34
354,341,33,9,43.73,417.86,11,1,53.61,0,0,1,1,0,1367.65
355,551,33,4,167.98,643.54,13,1,26.64,0,1,0,1,0,1382.08
356,357,39,6,53.41,290.72,5,3,12.98,2,0,0,0,0,617.88
357,23,24,8,68.5,526.52,42,5,53.93,0,0,1,1,0,1381.91
358,522,46,8,69.52,615.21,51,2,8.91,0,2,1,1,0,1148.4
359,802,40,9,135.72,1308.79,46,4,35.57,1,1,0,0,0,2901.68
360,762,31,6,126.09,719.03,89,3,29.4,1,0,1,1,0,1264.27
361,442,54,8,90.84,815.41,30,1,16.89,1,1,0,1,0,1844.97
362,769,53,8,32.4,226.15,6,3,8.9,0,1,0,1,0,591.32
363,1016,46,8,78.34,704.68,15,4,45.28,1,0,1,0,1,2485.18
364,516,18,8,263.03,1869.07,49,1,21.6,0,1,1,1,0,3890.28
365,1040,53,11,167.74,1632.81,43,1,42.27,0,1,1,0,0,4026.13
366,792,44,8,56.66,397.21,34,1,3.33,2,0,1,1,0,725.45
367,336,59,10,117.96,1607.64,52,1,45.2,0,2,0,1,1,4579.7
368,258,49,8,92.72,764.18,46,3,48.16,0,3,0,1,0,1697.13
369,497,53,6,276.62,1733.19,96,1,34.26,1,0,1,1,0,3220.8
370,896,45,9,92.76,1146.61,40,5,17.47,0,0,1,1,1,2932.22
371,160,51,13,46.52,651.36,68,1,21.95,0,0,1,1,0,1607.84
372,852,58,5,90.54,412.94,13,2,29.7,0,1,1,0,0,1031.95
373,690,37,10,277.73,2879.17,51,2,25.1,1,1,0,0,0,6354.52
374,380,18,8,212.69,2265.1,105,2,18.59,0,1,0,1,1,4915.46
375,957,31,10,112.92,1279.45,22,4,47.74,0,0,1,0,0,4119.53
376,691,39,11,54.08,547.08,68,2,13.69,1,0,1,1,0,1102.92
377,1067,35,7,164.37,998.3,58,2,49.25,0,1,1,1,0,2012.33
378,285,20,12,49.86,625.82,3,1,19.15,0,0,1,1,0,2237.01
379,397,18,7,127.08,1239.76,39,2,30.25,1,0,1,1,1,2967.58
380,12,26,10,155.01,1449.24,6,1,43.55,0,2,1,1,0,4740.16
381,499,44,10,44.55,454.95,154,3,13.08,0,1,1,1,0,767.62
382,754,53,8,92.39,833.85,75,1,15.61,0,1,0,1,1,1701.23
383,35,45,8,134.78,1227.02,5,4,21.97,1,0,1,1,0,3125.3
384,727,47,9,148.29,1178.43,6,1,28.71,1,1,1,0,0,3226.34
385,849,34,13,152.69,1727.48,41,1,60.14,0,0,0,0,0,4866.88
386,90,18,8,66.59,459.88,19,3,4.93,0,0,0,1,0,999.05
387,776,29,5,76.71,375.16,2,1,18.19,1,2,1,0,0,937.74
388,605,31,8,78.8,554.24,35,2,24.67,1,0,1,1,0,1274.95
389,970,29,8,233.91,2008.6,22,3,36.7,0,3,0,0,0,5075.94
390,1022,35,8,94.37,845.34,5,5,24.0,2,1,1,1,0,2301.85
391,418,40,6,194.62,1083.7,73,1,9.65,1,1,1,1,0,1729.78
392,115,45,8,200.57,1666.52,111,3,24.42,0,0,1,1,0,3408.56
393,617,31,7,324.66,1960.59,64,1,12.98,0,0,1,1,0,3741.45
394,826,18,8,51.04,394.41,78,3,43.25,0,1,1,1,0,827.89
395,413,29,8,140.09,1051.1,11,3,61.56,0,2,1,1,0,3270.25
396,729,35,12,97.04,1390.52,14,1,27.76,0,2,0,1,1,4541.24
397,1021,49,11,106.37,1587.13,11,4,8.4,2,0,0,1,1,5096.97
398,761,28,9,155.82,1246.79,65,4,12.13,1,1,0,0,0,2291.13
399,676,41,12,68.77,1188.86,133,1,19.26,0,1,1,1,1,2659.92
400,457,38,8,87.49,954.88,57,4,50.92,1,1,1,0,1,2305.79
401,920,35,12,26.79,341.78,96,1,12.21,1,0,0,1,0,636.75
402,192,46,5,70.66,399.43,46,1,9.97,0,1,1,1,0,765.09
403,739,27,7,277.9,2864.46,22,1,4.64,0,0,1,1,1,8218.44
404,978,28,9,164.43,1502.78,25,2,29.88,2,0,1,0,0,3384.73
405,1009,34,13,153.55,1993.39,4,3,8.2,0,0,1,1,0,6218.35
406,96,27,7,171.33,1140.09,1,2,9.79,0,3,1,1,0,2709.64
407,663,41,7,103.65,772.48,54,3,48.09,1,0,1,1,0,1778.63
408,37,26,9,201.68,1835.96,26,3,30.53,0,0,0,1,0,4439.31
409,279,37,11,69.22,860.24,36,1,33.22,1,0,1,1,0,2329.08
410,217,33,10,93.6,862.59,37,1,14.43,0,2,0,1,0,1953.73
411,867,37,14,92.39,1219.77,15,1,51.47,1,1,0,0,0,4337.19
412,873,29,9,209.91,2320.46,29,1,44.11,1,1,1,0,1,6921.44
413,62,30,12,65.73,861.11,29,2,26.84,0,1,0,0,0,2378.7
414,596,36,11,87.84,850.01,22,4,12.06,1,1,0,1,0,2076.58
415,729,37,12,74.76,885.15,77,3,53.22,0,0,1,1,0,2446.21
416,397,34,14,270.23,3701.06,27,5,9.7,2,1,1,1,0,9380.68
417,699,55,7,200.63,1591.9,42,1,27.76,1,2,1,0,1,3787.63
418,1043,23,13,141.55,1790.95,102,3,6.51,0,1,0,1,0,3730.45
419,177,34,8,170.32,1368.02,91,1,59.58,0,1,1,1,0,3265.45
420,396,18,10,55.66,483.99,100,2,23.64,0,1,1,0,0,1053.26
421,445,39,6,151.93,914.25,14,1,9.17,2,1,1,1,0,1882.14
422,76,21,9,131.15,1342.96,2,1,6.49,0,0,1,1,0,3533.13
423,265,31,11,64.36,809.69,14,3,45.13,0,0,1,1,0,2390.86
424,455,30,10,37.9,382.57,15,2,16.5,0,0,1,1,0,1112.42
425,718,38,3,112.63,339.43,108,3,2.62,0,0,0,0,0,441.42
426,735,28,9,106.35,1164.27,47,3,21.78,0,0,0,1,1,2941.25
427,851,27,8,34.92,321.01,4,1,74.79,0,1,0,1,0,1069.07
428,144,52,5,124.63,580.95,7,4,18.52,0,1,1,1,0,1429.47
429,885,38,9,165.33,1907.05,8,3,71.38,0,0,0,1,1,8217.81
430,1093,28,14,195.93,3034.18,45,3,58.1,0,1,1,1,1,10398.98
431,396,31,6,97.96,561.18,60,3,33.86,0,1,1,1,0,1039.23
432,1049,54,5,121.78,689.81,88,5,14.71,1,0,0,1,1,1392.74
433,948,32,10,194.84,2090.93,127,3,36.2,0,1,1,1,0,4651.78
434,891,26,5,103.43,526.6,10,4,21.51,2,0,1,0,0,1044.01
435,569,26,7,66.97,478.97,17,5,31.95,0,2,1,1,0,1072.94
436,1063,28,9,67.26,566.56,12,1,12.9,0,2,1,0,0,1444.04
437,109,27,12,175.27,2301.9,20,4,16.04,2,0,0,1,0,6078.01
438,1066,19,9,120.53,923.09,111,1,37.36,0,1,1,1,0,1978.15
439,935,21,5,85.93,408.22,39,1,30.61,0,0,0,0,0,883.15
440,398,25,7,63.5,605.51,60,3,3.5,0,0,1,1,1,1432.66
441,634,42,10,84.94,953.31,30,2,41.58,1,2,1,1,0,2179.16
442,733,30,10,114.22,1051.29,1,3,24.23,1,1,1,1,0,2939.29
443,235,32,7,259.61,1839.71,3,5,12.77,1,0,0,1,0,4903.51
444,658,50,11,213.9,2379.75,35,5,48.77,0,2,0,1,0,6717.95
445,751,50,7,282.59,2860.27,57,3,22.15,0,0,1,1,1,7033.33
446,588,31,5,76.38,330.39,11,3,23.72,1,0,1,1,0,831.13
447,1033,27,5,32.0,156.37,58,3,40.26,0,0,0,1,0,333.85
448,954,24,9,92.19,750.66,75,1,20.98,1,0,1,0,0,1528.28
449,492,43,10,150.4,1674.54,24,4,4.18,3,0,1,1,1,3713.57
450,913,32,11,127.37,1252.67,62,5,12.08,0,2,1,1,0,2366.79
451,170,30,14,392.21,6275.8,23,5,44.95,1,0,1,1,0,20507.01
452,946,25,12,170.83,1874.58,51,1,9.66,0,0,1,1,0,4048.07
453,795,25,9,71.61,947.23,65,1,34.01,1,2,1,1,1,2052.55
454,634,38,12,215.45,2356.74,217,1,31.24,2,2,0,1,0,4476.45
455,29,19,2,37.32,109.57,19,1,34.11,0,0,0,1,1,294.13
456,339,46,15,79.69,1250.77,24,1,24.9,0,1,0,0,0,3508.94
457,500,28,11,84.82,824.71,8,1,12.0,0,0,1,0,0,2556.29
458,511,33,10,224.7,2302.23,10,5,20.27,0,0,1,1,0,6036.74
459,217,18,11,133.03,1383.68,53,1,20.59,0,0,0,0,0,3080.17
460,1094,34,7,64.09,562.76,112,1,52.73,0,1,0,0,1,1386.99
461,445,31,13,49.5,821.56,23,2,40.69,0,0,1,1,1,3236.32
462,876,34,7,146.34,1000.65,9,5,12.05,0,1,1,0,0,2219.25
463,167,52,12,384.95,4846.88,15,5,39.08,1,3,0,1,0,12881.21
464,91,37,8,96.5,1084.39,27,4,6.83,0,0,0,1,1,2706.14
465,714,25,8,34.99,265.57,15,1,30.07,1,1,0,1,0,719.52
466,39,26,8,177.34,2079.19,12,4,28.26,0,3,0,0,1,6433.66
467,173,42,4,143.79,846.04,60,1,14.01,1,0,1,1,1,1620.46
468,653,50,6,76.74,397.01,0,1,6.58,0,0,1,1,0,969.97
469,754,38,8,46.48,413.06,35,5,12.85,2,0,0,1,1,991.24
470,1082,43,15,72.97,1070.0,71,3,13.15,1,0,1,1,0,2528.43
471,476,42,10,106.55,1094.47,14,4,13.33,1,0,1,1,0,2976.76
472,456,52,5,91.49,426.96,42,5,37.93,0,0,0,0,0,862.82
473,829,18,13,49.39,595.72,50,2,3.71,0,1,1,1,0,1465.19
474,895,43,10,45.16,475.81,48,2,48.86,0,1,0,1,0,1178.74
475,1025,46,6,64.96,522.12,27,2,11.88,0,0,0,0,1,1266.66
476,387,18,6,157.81,852.31,19,2,32.34,2,1,1,1,0,1754.72
477,348,24,8,86.37,770.66,81,5,37.32,0,1,1,1,0,1582.64
478,190,24,14,191.44,2824.8,64,2,47.71,0,1,1,1,0,8276.65
479,505,26,11,77.92,821.81,17,1,39.32,0,0,0,0,0,2605.19
480,824,29,11,170.55,1979.34,5,1,17.99,0,0,1,1,0,6314.88
481,929,37,6,165.81,879.23,3,3,14.41,1,1,1,1,0,2000.21
482,934,45,8,85.63,678.54,4,4,40.77,1,1,0,1,0,1833.14
483,134,47,6,287.47,1553.55,39,1,43.74,0,0,1,0,0,3527.62
484,58,24,12,175.83,2365.62,2,5,27.74,1,2,1,1,1,9303.88
485,685,24,8,206.84,1574.47,18,2,12.06,0,0,1,1,0,3973.18
486,672,50,10,170.03,1522.11,63,3,22.27,0,0,1,1,0,3172.25
487,173,42,8,85.45,924.28,16,5,36.26,2,1,0,1,1,2440.7
488,815,35,9,266.31,3278.56,65,1,10.59,3,1,1,1,1,6368.61
489,80,40,7,182.92,1145.5,62,5,33.03,0,1,1,1,0,2514.43
490,886,34,3,119.52,307.43,13,4,16.99,0,0,0,0,0,659.01
491,203,41,7,201.37,1993.48,59,2,15.65,1,3,0,0,1,3883.26
492,764,30,7,215.55,1283.47,62,3,24.04,0,1,1,1,0,2408.74
493,47,38,13,195.49,3149.07,23,2,47.58,1,2,0,1,1,10013.64
494,656,18,6,99.64,596.85,11,3,37.94,2,1,0,1,0,1393.35
495,471,26,6,52.04,342.08,33,5,32.7,1,2,1,0,0,721.26
496,971,26,7,172.53,1330.35,114,1,76.4,0,0,0,1,0,3278.36
497,1036,30,7,121.56,908.38,46,3,46.97,2,1,0,1,0,1844.9
498,736,23,10,52.35,483.76,9,2,24.21,0,2,1,0,0,1269.31
499,784,28,13,113.29,1570.07,52,3,22.0,0,1,0,0,0,3953.61
500,968,18,11,137.57,1398.24,25,2,41.34,0,2,0,1,0,3992.37
501,358,41,6,116.74,832.59,40,3,32.91,0,2,0,1,1,1854.89
502,972,34,11,144.14,1607.94,60,2,9.27,1,2,1,1,0,3326.16
503,668,18,13,82.11,1124.7,33,3,14.41,1,1,1,1,0,2891.09
504,373,24,5,93.42,525.83,76,2,9.21,0,0,1,0,1,1053.44
505,1032,39,9,155.02,1211.0,58,1,12.17,1,1,1,1,0,2332.02
506,676,28,9,49.16,480.13,43,2,16.78,0,1,0,1,0,1077.01
507,90,26,8,215.32,1908.35,7,1,24.01,0,0,1,0,0,5586.25
508,698,34,7,95.92,692.48,81,5,17.73,1,1,1,1,0,1075.42
509,540,39,7,170.96,1171.17,124,5,17.98,0,0,0,1,0,1904.18
510,732,18,9,152.57,1970.03,7,4,33.97,0,3,1,1,1,6189.96
511,869,41,10,120.24,1284.92,30,2,24.17,1,2,1,0,0,3039.18
512,41,25,12,94.48,1160.86,13,4,50.03,0,0,1,1,0,3876.97
513,740,34,12,137.73,1563.34,63,3,38.72,0,0,1,1,0,3982.47
514,502,34,7,118.21,752.5,58,1,34.78,1,2,0,1,0,1507.86
515,959,28,9,41.51,473.81,7,1,41.84,0,1,0,0,1,1698.78
516,929,22,11,34.6,356.21,94,1,11.45,0,0,1,1,0,760.66
517,461,31,7,129.68,864.01,9,3,37.14,0,1,1,1,0,2346.52
518,732,54,8,58.43,469.63,72,3,15.53,1,0,0,0,0,850.05
519,752,18,7,195.26,1231.11,27,3,49.78,2,1,0,0,0,2665.78
520,925,55,9,35.05,344.44,18,3,27.86,0,1,1,0,0,981.05
521,909,31,9,182.11,1464.71,8,4,17.34,1,1,0,1,0,4024.44
522,390,35,14,168.35,2343.53,8,1,54.16,1,0,1,0,0,7757.9
523,883,21,6,111.19,931.24,49,3,35.93,1,0,1,1,1,2453.48
524,256,25,10,28.0,278.75,36,5,21.71,2,1,0,1,0,621.05
525,709,28,9,89.19,769.26,6,1,56.43,1,0,1,1,0,2320.16
526,450,22,12,159.65,1901.38,5,3,58.42,0,1,1,1,0,6448.99
527,10,32,8,24.34,215.11,3,5,23.04,2,2,1,1,0,518.81
528,824,30,9,168.49,1739.54,61,2,4.09,0,2,1,1,0,3294.6
529,798,57,5,51.6,348.58,56,4,22.14,0,2,0,0,1,753.48
530,877,21,8,38.2,332.55,3,1,37.42,0,1,1,1,0,981.69
531,1029,36,9,167.5,1287.96,37,1,20.47,0,0,1,1,0,2948.46
532,1016,37,13,90.12,1696.9,4,1,10.45,0,2,1,1,1,5896.59
533,374,22,9,133.67,1366.92,105,1,28.17,0,0,0,0,0,2514.11
534,1089,43,8,112.48,920.12,107,3,17.16,0,1,1,1,0,1659.59
535,146,30,10,82.23,884.96,54,3,42.37,0,0,0,1,0,2116.97
536,224,18,10,28.77,288.78,117,3,5.79,0,0,0,1,0,541.1
537,177,42,11,143.83,1480.63,75,2,53.2,0,0,0,0,0,4068.55
538,853,21,5,163.65,904.72,79,1,45.55,1,0,0,1,0,1561.01
539,63,22,6,126.82,783.01,38,3,6.87,2,3,1,1,0,1119.23
540,827,43,11,137.5,1548.52,16,1,12.44,0,1,1,1,0,3726.02
541,795,30,14,114.41,2181.66,11,1,23.5,0,1,0,0,1,8287.33
542,689,46,14,89.63,1805.51,18,2,53.39,0,1,0,1,1,7670.28
543,105,49,8,213.01,1822.59,45,4,14.83,0,0,1,1,0,3905.67
544,511,27,9,227.49,1869.95,9,1,20.3,0,1,1,1,0,5147.49
545,385,44,7,289.93,2009.31,13,2,42.23,1,1,1,0,0,4967.42
546,405,25,11,258.86,3257.81,28,1,28.41,1,3,0,1,0,7259.41
547,823,61,9,115.84,1059.65,12,2,25.32,1,0,0,1,0,2750.97
548,518,26,6,73.55,499.33,40,3,12.35,0,1,1,1,0,976.47
549,476,47,11,46.93,564.74,115,5,39.55,0,0,1,1,0,1180.62
550,709,45,14,164.13,3135.92,62,2,52.45,1,0,1,1,1,10723.5
551,771,38,4,141.15,539.08,49,4,40.95,1,2,1,1,0,973.32
552,1047,26,11,133.11,1791.78,39,5,26.16,1,1,0,0,1,4745.88
553,997,33,2,142.37,386.09,30,2,31.7,2,0,0,1,1,796.73
554,677,18,6,153.24,900.86,9,3,18.99,0,1,1,0,0,2396.53
555,714,37,11,289.78,3473.23,101,2,37.58,2,1,1,1,0,6200.78
556,83,39,14,124.15,1873.93,13,4,36.13,1,1,1,0,0,5537.94
557,457,36,12,151.43,1714.77,4,4,33.16,0,0,0,1,0,5933.53
558,1,18,7,81.96,608.62,62,2,20.39,0,0,1,1,0,1232.63
559,51,19,10,314.32,3138.01,9,2,25.01,0,0,1,1,0,8860.57
560,685,26,12,37.01,420.61,21,5,17.39,1,1,0,0,0,1163.57
561,717,38,9,220.81,1935.41,1,1,30.89,0,0,0,0,0,6526.91
562,449,38,7,128.07,1303.7,7,1,22.39,0,2,0,1,1,4318.34
563,881,32,5,93.99,450.16,9,5,20.01,0,2,1,1,0,999.26
564,488,42,11,48.41,498.5,3,3,78.22,2,0,1,1,0,1982.27
565,34,22,14,167.4,2239.37,48,1,3.74,1,3,1,1,0,4527.24
566,95,42,7,63.73,530.27,82,1,33.96,2,2,0,1,1,1025.3
567,154,40,7,201.52,1429.56,21,2,7.6,1,1,0,1,0,3172.61
568,250,39,9,98.81,1033.78,93,2,25.61,0,0,0,1,1,2316.61
569,674,32,9,39.98,512.32,11,2,41.18,0,0,1,0,1,2030.69
570,438,56,11,116.36,1526.96,18,2,13.24,1,2,0,0,1,4367.91
571,118,40,8,109.58,902.4,7,2,5.61,2,1,1,1,0,2245.99
572,771,23,9,203.06,1621.95,44,4,34.5,0,0,1,0,0,3912.08
573,268,37,9,172.38,1774.14,25,2,15.05,1,2,1,1,0,4027.03
574,1078,44,14,46.51,642.31,43,1,11.28,0,0,0,0,0,1468.57
575,236,27,9,180.82,1784.69,65,1,21.29,2,0,1,1,0,3392.51
576,389,48,7,80.01,605.22,36,2,60.2,1,0,0,0,0,1542.2
577,990,39,10,76.31,811.98,44,2,19.58,0,0,0,1,0,1982.13
578,763,18,7,160.16,1231.19,123,3,16.75,2,1,1,1,0,1751.89
579,401,38,8,74.4,523.83,16,2,20.98,0,0,0,1,0,1317.17
580,624,30,7,243.68,1797.07,20,1,9.88,1,2,1,1,0,3578.03
581,767,41,13,37.64,591.36,57,5,21.41,0,1,1,1,1,1557.27
582,919,46,5,106.33,577.22,43,3,52.98,0,3,0,1,0,1160.68
583,853,37,8,107.85,981.09,9,3,11.68,0,1,0,0,0,2652.56
584,578,54,7,53.6,420.38,21,4,12.54,0,0,1,1,0,918.06
585,75,32,11,83.9,1061.18,28,4,38.44,0,0,0,1,1,3514.16
586,435,42,4,79.01,394.77,24,3,41.96,0,1,0,1,1,1129.95
587,103,44,8,37.74,289.63,9,2,48.95,0,0,1,1,0,810.83
588,764,33,7,65.0,403.44,116,4,4.87,0,1,1,1,0,664.13
589,738,44,8,97.22,683.96,65,1,19.18,0,0,0,0,0,1449.23
590,806,27,6,93.1,539.3,30,1,40.68,0,1,1,1,0,1294.94
591,98,29,11,165.86,2721.89,51,1,8.81,1,0,0,1,1,7171.58
592,798,19,9,229.36,2106.95,102,3,47.85,0,0,0,1,0,4854.19
593,859,37,7,86.45,627.26,7,4,41.9,1,1,1,1,0,1566.21
594,435,38,8,48.72,386.37,13,5,8.55,1,1,0,1,0,888.7
595,447,49,7,137.67,1313.77,35,3,18.54,0,1,1,1,1,3479.97
596,249,44,15,96.74,1649.96,72,2,19.84,1,1,0,0,0,3476.0
597,166,31,10,191.38,2554.09,2,3,33.32,0,0,1,1,1,9425.66
598,984,20,8,98.45,684.83,186,5,21.48,0,1,0,1,0,1246.6
599,1020,40,9,109.13,980.07,27,2,14.42,1,0,1,1,0,2298.75
600,542,48,9,94.34,974.62,20,1,55.15,0,0,0,0,0,2833.36
601,759,44,13,247.75,3112.01,16,3,18.15,0,2,1,0,0,9498.44
602,81,48,11,115.2,1693.72,9,2,25.31,2,0,1,1,1,5977.76
603,133,32,12,201.88,2777.73,71,2,35.35,0,0,1,0,1,8910.55
604,797,29,10,86.06,767.94,140,5,18.69,0,0,0,1,0,1609.11
605,900,26,6,155.04,1034.79,24,3,36.02,0,2,1,1,0,2312.27
606,138,34,7,168.92,1111.59,137,3,20.33,1,0,0,0,0,1946.97
607,184,34,9,87.8,744.11,78,1,60.81,1,1,0,0,0,1712.31
608,785,37,7,173.9,1176.1,30,2,16.46,1,0,0,0,0,2608.28
609,984,33,11,38.11,477.93,50,1,20.83,0,1,1,0,0,1151.98
610,69,33,11,124.95,1564.04,26,5,44.9,0,1,0,0,1,4947.97
611,546,25,8,157.33,1792.71,37,3,48.16,0,0,1,1,1,5126.62
612,53,46,9,66.53,570.34,3,2,25.42,1,1,0,1,0,1569.98
613,205,35,13,77.03,1438.34,54,1,61.44,1,2,0,1,1,4804.95
614,126,32,9,51.67,533.63,2,2,6.84,0,2,1,0,0,1537.74
615,43,26,9,54.81,470.9,76,3,24.75,0,2,1,1,0,923.71
616,111,19,13,61.9,715.27,78,5,20.14,0,0,1,1,0,1685.32
617,761,50,6,173.32,928.97,12,1,27.48,0,0,1,0,0,2504.31
618,848,41,7,64.21,629.64,18,1,15.0,0,0,0,0,1,1720.61
619,95,18,10,30.19,350.7,30,1,28.31,0,0,1,1,1,986.23
620,900,44,9,144.79,1209.48,41,5,9.7,2,1,0,1,0,2276.96
621,360,46,14,31.23,398.45,15,1,24.0,0,0,1,1,0,1366.05
622,900,36,6,101.82,584.48,40,3,23.88,0,0,0,1,0,1283.49
623,281,54,9,86.84,681.73,16,1,29.71,0,1,0,1,0,1772.41
624,667,37,5,83.61,601.61,3,5,24.45,1,1,0,0,1,1636.82
625,93,18,4,41.17,237.21,0,5,18.98,0,0,1,1,1,767.05
626,672,39,14,134.88,1838.97,5,1,13.09,0,0,1,1,0,6617.4
627,61,37,7,63.67,598.86,71,3,33.89,0,0,1,1,1,1521.1
628,634,27,8,165.79,1382.79,146,2,18.56,1,0,1,1,0,2316.13
629,1075,41,11,139.46,1648.82,25,3,38.12,0,1,0,1,0,4216.32
630,1029,18,8,224.73,1808.96,32,3,19.31,1,2,0,0,0,3975.03
631,604,46,9,112.12,1315.87,7,5,11.46,0,2,1,0,1,3929.0
632,682,24,9,145.95,1365.31,36,1,7.37,0,1,1,1,0,2735.97
633,534,23,8,71.61,790.07,7,2,15.39,2,1,1,0,1,2401.59
634,838,33,9,31.79,272.92,43,1,58.66,1,1,1,1,0,730.91
635,645,40,9,63.66,543.8,122,5,8.28,0,0,1,1,0,1014.93
636,233,36,10,141.14,1313.91,10,5,11.66,0,1,0,1,0,3636.74
637,524,26,7,123.0,1135.67,65,2,24.35,1,0,1,1,1,2486.07
638,346,28,9,88.0,758.75,1,5,16.44,1,0,0,1,0,2010.01
639,1070,21,12,80.17,1265.73,21,1,23.82,1,2,1,1,1,3614.55
640,546,32,13,49.77,628.74,5,3,34.52,0,2,0,1,0,2151.55
641,794,47,8,86.92,765.63,20,4,53.28,0,0,1,1,0,2027.23
642,249,34,10,85.41,968.09,9,5,18.45,0,1,0,1,1,3533.84
643,47,45,7,217.8,1557.65,21,3,62.78,1,0,1,1,0,3907.87
644,214,52,10,133.64,1776.79,24,3,49.42,2,1,1,1,1,5428.86
645,239,27,6,112.46,651.25,16,2,15.3,0,0,1,1,0,1508.22
646,1080,32,14,119.05,1627.17,48,4,50.5,0,2,0,1,0,4601.54
647,350,61,13,245.3,4518.81,113,1,13.66,0,1,0,0,1,10829.13
648,107,52,9,79.1,864.61,23,3,8.42,0,2,1,1,1,2479.78
649,831,18,9,72.03,720.48,10,2,11.69,0,1,1,1,0,1863.91
650,48,39,6,255.74,1716.88,14,5,21.35,0,1,1,1,0,4183.14
651,337,35,10,160.48,1677.31,87,3,3.62,1,4,1,1,0,2765.64
652,1050,44,4,68.59,296.8,38,2,11.65,0,0,0,0,0,501.27
653,804,26,9,259.64,2415.91,27,3,5.41,0,1,0,1,0,5447.09
654,8,24,11,83.6,926.52,7,4,63.75,2,0,0,1,0,3106.77
655,625,26,9,83.63,1115.4,27,3,19.25,1,1,0,0,1,3233.37
656,719,28,14,43.22,735.37,15,1,36.62,1,1,0,1,1,2941.62
657,303,44,4,49.85,178.7,129,1,17.36,1,2,1,1,0,230.11
658,639,20,10,183.21,2229.9,97,5,24.52,1,0,1,0,1,4849.3
659,56,27,5,95.23,492.54,4,1,7.21,2,0,1,0,0,1037.05
660,726,18,13,101.75,1197.8,33,5,14.67,1,1,1,1,0,3171.13
661,526,47,9,217.8,2860.73,11,1,29.11,0,0,0,1,1,8886.62
662,474,50,7,140.25,1242.17,24,3,6.96,0,1,0,0,1,3254.95
663,28,31,9,50.1,498.24,94,1,16.02,1,2,0,1,0,883.86
664,78,31,9,205.36,2222.0,34,1,27.52,0,1,1,1,1,6458.21
665,365,40,8,187.93,1419.19,18,1,9.74,2,2,1,1,0,2696.53
666,666,52,10,95.41,1076.36,10,1,51.06,0,0,0,1,1,4002.7
667,526,39,10,45.08,418.07,72,1,22.19,0,1,0,1,0,861.45
668,699,26,7,129.89,1178.61,44,3,35.13,0,1,1,1,1,2811.84
669,883,18,6,56.0,380.99,28,2,21.57,1,0,0,0,0,721.89
670,1031,21,8,88.11,681.39,11,5,31.0,0,1,0,1,0,1697.79
671,1027,35,9,92.08,863.48,18,2,16.59,1,1,1,1,0,2054.97
672,919,27,9,58.76,517.34,145,5,10.12,0,0,1,1,0,904.57
673,750,37,8,223.85,1547.32,33,3,9.74,0,3,0,0,0,2925.13
674,363,28,9,68.09,797.48,23,2,33.64,0,2,0,1,1,2297.73
675,806,22,6,215.28,1460.53,33,3,21.9,0,1,1,1,1,3405.03
676,739,20,13,111.01,1609.25,68,3,15.48,0,0,0,1,0,3670.97
677,1039,53,8,42.04,470.45,19,3,8.31,1,0,0,1,1,1188.68
678,485,45,11,96.34,1021.15,9,2,21.56,0,0,0,0,0,3230.08
679,28,55,6,222.06,1388.4,40,5,22.96,1,1,1,1,0,2454.17
680,714,41,9,94.07,972.54,49,3,33.08,2,0,0,1,1,2666.24
681,1063,29,7,66.23,491.79,56,2,33.0,0,1,1,0,0,928.6
682,86,50,7,182.81,1824.65,96,3,46.3,1,1,0,1,1,4520.29
683,126,34,12,61.85,1057.95,21,4,5.06,0,0,0,1,1,3531.51
684,812,37,11,86.38,888.67,4,4,30.33,0,0,1,1,0,3114.53
685,537,34,10,100.14,930.45,143,1,19.82,0,0,1,1,0,1948.36
686,145,18,10,87.12,876.78,26,1,21.47,0,1,0,1,0,2016.83
687,25,54,10,107.88,1599.2,44,4,16.59,0,0,0,1,1,4098.62
688,67,40,6,92.79,626.97,49,2,7.67,0,0,1,1,0,1108.33
689,233,38,12,57.93,665.94,36,4,14.46,2,0,1,1,0,1422.14
690,109,34,8,81.99,710.95,10,3,23.14,1,1,1,1,0,1716.83
691,111,36,7,140.97,1111.51,63,1,31.31,1,2,1,0,0,2078.93
692,228,27,6,212.94,1541.79,73,3,33.81,0,3,0,0,1,2990.44
693,111,42,11,47.73,577.03,36,1,10.27,0,1,0,1,0,1294.04
694,34,19,9,52.91,575.94,30,1,24.62,0,0,0,0,1,1601.09
695,623,37,11,154.35,1618.01,5,1,30.02,0,2,1,1,0,5112.9
696,748,41,10,275.18,2503.16,4,3,25.7,0,2,0,1,0,8231.08
697,595,32,11,71.34,786.44,19,2,3.19,0,0,1,1,0,2008.84
698,425,39,10,56.6,811.6,17,3,26.06,0,0,0,1,1,2670.45
699,613,23,10,199.86,2015.45,138,2,17.71,0,2,1,1,0,3548.96
700,692,23,12,194.96,2075.24,69,4,18.17,1,1,1,1,0,4598.21
701,315,37,11,28.14,286.46,49,4,44.36,0,1,1,1,0,664.98
702,877,43,8,34.78,283.47,33,5,41.24,1,2,1,1,0,689.72
703,662,18,10,52.12,534.24,8,4,18.22,0,0,0,0,0,1534.69
704,277,41,10,158.11,1617.53,173,3,21.06,1,1,0,1,0,2731.37
705,624,28,3,101.53,265.93,21,2,10.6,0,1,0,1,0,542.55
706,516,32,12,119.32,1540.79,5,4,7.86,0,0,0,0,0,5167.15
707,843,18,10,236.91,3458.08,31,1,43.91,1,0,1,1,1,11085.39
708,350,24,6,67.04,403.51,93,2,52.56,1,0,1,1,0,707.16
709,823,46,3,127.33,407.07,98,1,41.41,1,0,0,1,0,695.31
710,759,35,7,161.15,1268.15,0,2,63.49,0,1,1,0,0,4197.33
711,899,30,7,77.18,563.39,98,2,29.42,0,2,1,0,0,989.95
712,243,33,7,55.19,406.54,14,2,24.06,1,0,0,1,0,913.22
713,543,40,9,192.86,1851.0,2,5,32.53,1,1,1,1,0,5615.39
714,1064,40,8,123.88,919.84,85,5,28.4,0,0,1,1,0,1945.94
715,229,34,8,41.25,338.17,90,3,27.91,2,1,1,1,0,562.25
716,548,48,7,236.99,1829.19,41,3,25.01,0,0,1,0,0,4302.29
717,920,46,9,134.91,1481.92,38,1,26.95,0,1,1,1,1,3832.99
718,6,39,10,169.71,2469.14,75,5,36.87,0,0,1,1,1,6174.39
719,468,35,9,111.27,1348.83,69,2,11.66,0,2,1,1,1,3126.84
720,75,42,8,64.58,504.71,99,3,39.79,0,0,1,1,0,1116.54
721,4,38,13,116.84,1575.08,36,2,35.33,1,1,1,0,0,4465.95
722,646,47,9,208.63,2369.14,154,2,5.07,1,1,0,0,1,4770.72
723,118,45,7,86.76,668.92,250,1,30.63,0,1,1,1,0,1051.12
724,881,22,10,55.32,550.26,6,4,41.58,1,0,1,0,0,1912.6
725,504,21,8,404.92,3629.25,85,1,13.95,0,1,1,1,0,7202.44
726,947,26,9,115.11,1039.05,31,1,37.74,0,0,1,1,0,2489.34
727,574,46,10,115.97,1580.09,22,1,49.7,0,1,1,1,1,5492.99
728,194,18,8,89.48,1069.55,43,3,28.76,0,0,1,1,1,2935.27
729,847,39,8,126.43,1175.65,3,3,37.07,0,0,0,1,1,4444.48
730,715,39,7,169.52,1652.22,32,5,9.52,1,2,0,1,1,4080.24
731,1050,48,8,148.21,1057.26,92,3,41.29,0,1,0,1,0,1967.61
732,173,37,11,196.0,3087.75,11,1,27.81,0,0,1,1,1,11640.4
733,326,18,11,116.7,1320.79,25,4,47.28,0,0,1,1,0,3681.02
734,836,23,8,86.78,785.54,126,2,40.58,0,0,1,1,0,1585.57
735,724,20,11,198.29,2420.68,25,4,25.93,0,1,0,1,0,6701.71
736,225,28,7,221.35,1757.41,20,1,27.8,0,0,1,0,1,4926.67
737,532,32,9,85.88,895.43,26,5,19.83,1,1,1,1,1,2369.78
738,113,21,8,55.98,461.42,33,1,28.32,1,1,1,1,0,1093.74
739,140,52,8,102.64,825.65,45,4,52.31,0,1,0,1,0,2083.97
740,559,19,9,59.81,484.74,73,5,25.04,1,0,0,1,0,985.2
741,1,51,10,96.11,854.2,27,3,52.03,0,1,0,1,0,2256.58
742,90,49,10,132.79,1353.39,77,2,52.96,2,1,1,1,0,2829.83
743,654,45,11,54.97,679.68,34,2,13.62,0,1,1,1,1,2025.89
744,320,26,8,100.64,895.41,19,3,23.11,2,1,0,0,0,2101.04
745,139,39,5,105.52,576.18,48,4,16.69,2,1,1,1,0,894.19
746,845,19,7,174.95,1728.36,57,4,44.24,0,0,1,1,1,4748.6
747,259,45,8,226.87,1551.44,37,5,26.07,0,0,0,1,0,3270.46
748,902,34,7,85.24,515.7,3,2,27.93,0,0,0,1,0,1377.82
749,690,30,11,309.74,4495.45,8,1,43.12,0,2,0,1,1,17188.97
750,10,20,8,157.36,1879.26,15,4,61.85,0,0,1,1,1,6502.78
751,261,18,16,80.75,1230.87,15,4,61.68,0,0,1,1,0,4426.59
752,172,22,6,84.22,481.72,50,5,22.29,1,2,1,0,0,892.82
753,898,48,6,79.18,422.97,1,2,54.08,0,1,0,1,0,1336.3
754,13,30,7,75.99,559.77,63,1,37.71,1,0,0,0,0,1194.1
755,321,32,9,207.27,1947.51,14,3,38.9,2,2,0,1,0,4962.47
756,329,42,14,167.0,2058.36,17,4,63.92,0,0,0,1,0,7932.6
757,785,56,9,89.44,1036.23,34,1,11.07,0,0,0,1,1,2690.12
758,777,50,7,67.32,494.87,11,2,23.54,2,0,1,1,0,1109.29
759,911,23,14,192.73,2693.03,97,1,52.78,0,0,0,1,0,7296.27
760,318,18,6,114.11,720.47,4,3,22.22,0,1,0,0,0,1785.77
761,236,63,8,50.09,438.73,26,1,34.35,0,0,1,1,0,1171.74
762,334,62,7,27.48,203.07,85,1,18.8,1,0,1,0,0,360.77
763,376,37,7,91.28,859.59,43,4,21.53,3,1,0,0,1,1696.09
764,588,19,8,120.86,1069.42,16,1,37.08,0,1,1,1,0,2926.53
765,513,46,9,138.68,1398.16,25,5,42.14,0,0,0,1,0,4142.43
766,918,33,7,237.26,1605.45,55,1,19.44,1,0,1,1,0,2799.3
767,873,33,10,38.6,348.12,163,2,41.89,0,0,0,0,0,672.71
768,270,45,8,114.84,1006.29,101,3,24.47,1,0,1,0,0,1974.07
769,798,39,7,101.1,646.95,19,4,40.07,0,0,1,1,0,1559.91
770,725,20,7,56.23,444.25,284,3,27.26,0,2,1,1,0,637.1
771,5,31,7,178.55,1070.97,0,5,33.69,0,1,1,1,0,3169.36
772,851,42,6,89.29,784.47,1,3,26.22,0,1,1,0,1,2613.65
773,78,41,8,100.38,824.49,78,2,8.22,0,1,1,0,0,1509.73
774,574,38,5,64.02,346.5,10,2,22.22,2,0,0,1,0,758.97
775,132,46,13,112.71,1420.56,3,4,28.61,1,0,1,1,0,5274.44
776,601,30,7,143.06,1149.15,12,2,25.17,0,0,0,1,0,3149.43
777,1066,37,11,111.99,1131.21,25,1,66.47,1,3,0,1,0,3423.41
778,89,18,5,78.36,364.11,59,5,41.81,1,1,0,0,0,674.82
779,402,29,9,150.33,1170.91,44,2,33.95,1,0,1,1,0,2430.6
780,296,44,3,152.92,675.21,12,2,28.27,1,1,1,1,1,1829.28
781,616,30,7,140.7,971.91,31,3,6.26,1,0,1,1,0,1722.99
782,800,29,10,176.1,2409.36,117,2,27.32,0,0,0,1,1,6260.89
783,422,22,7,79.5,764.09,76,2,40.54,0,1,0,1,1,1679.3
784,1047,47,11,72.74,890.01,18,2,17.77,0,0,1,0,0,2577.38
785,575,41,7,65.76,483.12,181,3,17.66,1,3,1,1,0,762.07
786,143,44,9,52.89,484.88,55,3,11.7,1,2,1,1,0,877.9
787,993,18,4,72.35,307.65,3,4,13.44,0,0,1,1,0,714.2
788,665,33,6,76.7,494.85,2,5,80.23,0,1,1,1,0,1610.79
789,145,31,12,66.02,717.55,8,1,41.67,1,0,0,1,0,2346.43
790,1007,31,10,99.71,1144.44,59,1,34.52,0,1,1,1,1,2930.35
791,503,27,8,44.61,311.36,9,1,34.15,3,0,0,1,0,792.82
792,821,30,9,176.07,1524.78,32,2,60.91,0,1,0,1,0,4037.14
793,104,45,5,94.77,473.58,4,3,48.7,0,2,0,0,0,1249.47
794,1063,18,13,120.26,1617.66,114,4,5.29,0,0,1,1,0,3284.27
795,198,56,12,54.76,971.61,19,3,14.9,0,0,1,1,1,3259.99
796,579,40,7,102.61,681.83,107,1,36.01,0,0,1,1,0,1228.56
797,391,34,10,138.25,1490.69,130,3,30.91,0,1,0,0,0,3095.97
798,554,45,15,113.05,2225.2,0,4,28.66,3,2,1,1,1,9149.31
799,1039,18,9,192.03,2058.1,28,3,10.69,0,1,1,1,1,5303.26
800,478,27,9,123.8,1498.57,1,1,23.57,0,0,1,1,1,5358.47
801,923,33,7,43.56,451.94,108,1,38.92,0,2,1,1,1,1053.42
802,420,51,9,79.42,634.22,33,4,19.66,0,1,0,0,0,1355.56
803,157,34,7,51.72,362.86,4,4,9.3,0,0,1,0,0,882.5
804,550,40,12,170.4,1769.77,5,3,43.45,0,0,1,1,0,6531.63
805,1021,27,6,102.04,579.38,22,2,8.91,1,0,1,0,0,1119.1
806,997,40,13,198.89,2679.15,127,3,42.61,0,0,1,1,0,5969.08
807,951,55,10,44.96,644.23,53,2,24.7,0,1,0,1,1,1885.48
808,289,46,12,81.49,1045.49,91,5,24.71,1,2,1,0,0,2007.31
809,196,34,7,124.93,1124.23,21,1,38.71,0,1,1,1,1,3631.29
810,598,43,10,71.08,798.08,2,1,19.79,0,1,0,1,0,2313.79
811,517,41,10,44.49,418.53,165,3,53.29,0,0,0,0,0,976.05
812,865,41,10,224.13,2412.06,1,3,15.17,0,4,1,1,0,6766.93
813,806,48,10,176.88,1755.02,133,3,38.32,1,0,1,1,0,3231.93
814,815,48,8,71.07,636.57,21,4,18.11,0,0,1,1,0,1619.31
815,228,33,6,109.08,712.9,0,5,32.01,0,0,1,0,0,2301.4
816,216,42,3,53.74,180.64,53,3,30.75,1,0,1,0,0,289.48
817,948,30,10,76.3,906.92,177,1,35.36,0,1,1,1,1,2229.4
818,15,23,7,43.31,318.47,152,4,10.83,0,2,0,0,0,490.92
819,47,31,8,301.94,2588.28,8,1,47.25,0,1,1,0,0,8180.42
820,324,34,5,109.44,586.99,9,2,41.85,0,1,0,1,0,1587.9
821,844,18,10,78.87,789.69,38,1,33.93,0,0,0,0,0,1811.69
822,130,45,9,37.78,377.19,46,4,17.75,2,1,0,1,1,815.26
823,95,18,11,86.39,1146.98,61,2,17.72,0,2,1,1,1,2889.69
824,627,67,10,78.92,971.57,9,2,46.78,0,0,0,1,1,4149.35
825,755,53,10,64.09,708.63,144,1,12.48,1,2,0,1,0,1145.19
826,794,31,3,80.84,267.33,46,5,20.58,1,0,1,1,0,461.16
827,69,35,7,48.01,385.11,84,1,58.2,3,0,1,1,1,779.68
828,11,38,8,189.11,2232.14,35,3,21.59,0,0,1,1,1,6330.45
829,872,27,8,175.12,1647.76,24,4,34.83,0,0,0,1,1,5157.91
830,550,37,10,209.58,2654.58,170,1,22.06,0,0,1,1,1,6363.38
831,712,33,7,35.62,228.02,39,1,57.1,1,1,1,0,0,564.88
832,23,33,7,290.89,2256.35,91,3,59.75,1,0,0,0,0,4360.29
833,815,37,11,95.49,1467.74,138,1,47.36,1,0,1,0,1,3600.63
834,346,19,11,43.39,593.19,51,3,31.26,0,1,0,1,1,1866.37
835,302,35,13,50.44,898.98,36,1,30.05,0,2,1,0,1,2609.11
836,363,36,9,98.91,805.91,0,1,41.07,1,0,0,1,0,2787.02
837,396,36,6,127.27,736.66,2,2,43.51,0,1,1,1,0,2295.58
838,218,32,9,71.23,617.46,10,3,27.26,0,2,1,1,0,1733.13
839,141,48,9,75.74,628.11,9,4,43.43,1,0,0,1,0,1756.5
840,958,30,9,68.77,688.78,13,2,32.21,1,1,1,0,0,1706.95
841,985,37,15,158.51,3256.74,16,3,9.15,0,0,1,1,1,12171.23
842,993,50,3,62.63,175.49,20,3,18.6,1,1,0,1,0,304.63
843,828,34,8,62.3,459.86,25,3,35.71,1,0,1,0,0,1153.29
844,683,37,8,300.18,2054.13,5,3,34.77,1,0,0,1,0,5971.77
845,1004,33,6,55.03,314.98,2,1,35.58,1,0,1,0,0,868.35
846,356,49,8,45.29,365.25,50,2,59.13,0,0,1,0,0,873.31
847,1008,31,9,99.67,1088.41,35,3,8.48,1,0,1,1,1,2990.99
848,888,50,9,71.52,682.43,26,2,34.41,0,0,0,1,0,1779.3
849,127,33,13,107.63,1362.19,45,4,49.42,0,0,1,1,0,3968.0
850,1009,24,5,168.99,1037.93,79,2,34.67,0,0,0,1,1,2538.21
851,604,43,7,91.18,722.32,25,1,18.45,1,1,0,1,0,1562.37
852,1014,31,9,112.41,939.66,46,5,13.68,0,0,1,1,0,2215.34
853,51,42,10,178.83,1733.68,138,4,10.94,0,0,0,0,0,2977.7
854,1053,18,7,118.71,801.65,82,5,20.26,0,1,0,0,0,1566.36
855,779,35,12,71.62,792.73,25,4,34.56,0,0,1,0,0,2223.53
856,814,29,7,182.55,1169.55,47,5,25.9,1,0,1,1,0,2504.44
857,420,22,10,130.41,1594.78,9,5,69.58,1,2,1,1,1,6564.86
858,983,28,13,248.22,3579.49,37,1,10.02,0,0,0,1,0,8568.69
859,825,28,8,204.73,1769.1,179,3,24.39,0,0,0,1,0,3119.42
860,1025,34,15,71.37,1128.7,33,1,13.5,1,0,1,0,0,3092.68
861,567,18,7,106.31,734.62,118,5,7.53,0,1,1,0,0,1104.04
862,371,38,10,92.85,930.61,24,5,72.7,0,1,0,1,0,3027.91
863,936,51,9,35.71,388.64,304,2,50.23,2,1,1,0,1,742.19
864,661,38,11,53.94,517.58,39,1,29.72,1,0,0,1,0,1360.36
865,969,44,10,297.32,2822.48,2,1,43.18,0,1,1,1,0,9249.62
866,202,48,6,52.69,410.47,40,3,15.55,0,2,0,1,1,941.7
867,313,49,8,71.89,498.71,14,2,14.33,0,1,0,1,0,1122.58
868,117,57,11,75.77,730.47,1,4,3.3,1,0,1,0,0,2036.68
869,937,29,7,85.8,557.88,77,2,40.74,0,1,1,0,0,1103.42
870,575,26,8,77.77,597.31,15,3,51.67,1,0,1,1,0,1669.0
871,244,44,9,260.71,2271.25,72,4,21.97,0,2,1,1,0,4004.8
872,537,43,7,55.47,343.77,15,1,8.53,1,3,1,1,0,749.42
873,75,44,6,27.76,152.88,10,1,39.62,0,1,0,0,0,365.5
874,386,57,8,102.67,762.66,164,3,34.46,0,2,1,0,0,1432.8
875,475,35,5,125.18,708.14,20,3,37.98,0,0,1,0,1,2007.44
876,418,40,13,152.27,1876.27,41,4,17.29,1,2,0,0,0,4286.25
877,347,23,13,266.5,3019.91,42,1,23.63,0,0,0,1,0,7421.4
878,640,60,10,66.25,702.95,37,5,49.42,0,1,1,1,0,1886.41
879,939,30,8,22.68,175.27,111,5,13.01,1,0,0,1,0,303.42
880,955,31,6,60.29,342.95,50,2,40.36,0,1,0,1,0,665.49
881,876,30,6,44.81,238.72,23,2,28.14,2,0,1,0,0,471.95
882,763,27,8,135.72,996.65,89,2,31.64,0,0,1,0,0,1847.41
883,664,26,7,127.1,818.34,9,3,43.01,0,1,1,1,0,2104.05
884,25,28,8,128.64,1178.91,35,3,62.8,0,2,0,1,0,2685.07
885,710,18,10,101.5,1452.28,135,3,26.49,1,1,0,1,1,3042.87
886,177,25,9,80.03,615.53,44,1,8.79,0,1,0,1,0,1314.87
887,285,58,7,62.37,587.45,76,1,3.22,0,1,1,1,1,1158.22
888,63,43,10,111.41,1342.3,48,5,46.75,1,0,1,1,1,3801.79
889,1003,46,9,142.6,1470.41,82,3,19.54,0,1,0,0,1,3197.93
890,662,49,6,71.58,592.78,130,1,27.0,1,1,1,1,1,1165.75
891,666,57,10,57.95,515.46,14,2,5.69,0,0,1,1,0,1291.07
892,156,18,7,101.15,696.07,8,3,13.94,0,1,1,1,0,1798.75
893,1073,20,9,74.74,699.3,30,3,20.47,0,1,0,0,0,1707.01
894,967,25,7,185.54,1715.98,54,2,45.74,0,0,1,0,1,4707.34
895,849,29,8,174.31,1594.31,12,4,22.83,0,1,1,1,0,3965.88
896,689,31,9,141.32,1380.93,0,1,57.94,0,0,0,0,0,5157.88
897,148,29,6,104.31,677.32,19,2,12.8,0,1,0,1,0,1393.55
898,342,37,9,150.11,1292.46,156,1,9.06,0,0,0,1,0,2457.99
899,476,35,6,76.8,392.86,53,4,25.21,0,2,0,1,0,774.14
900,1087,26,10,170.89,1829.09,23,5,24.07,0,1,1,1,0,4660.08
901,561,18,12,189.73,3403.52,10,2,16.08,0,1,1,1,1,13153.01
902,327,23,9,95.29,1083.37,20,4,31.68,1,1,0,0,1,3254.44
903,990,28,7,81.69,851.68,8,2,22.52,0,2,1,0,1,2482.88
904,215,32,12,119.05,1657.59,5,3,19.3,1,1,0,1,1,5484.72
905,435,21,8,51.78,388.93,107,4,46.43,1,0,0,1,0,783.98
906,952,29,11,130.48,1681.57,272,4,42.76,1,1,1,1,1,4122.72
907,723,21,9,99.21,886.27,8,4,38.32,0,1,1,1,0,2850.83
908,32,33,10,170.41,2412.64,3,2,65.57,1,1,1,1,1,10429.28
909,670,22,8,103.95,791.85,18,1,18.95,0,0,1,1,0,1930.01
910,285,24,8,94.2,845.45,28,3,38.35,1,1,1,0,0,2033.08
911,429,19,13,37.17,636.59,10,2,52.02,1,0,0,0,1,2769.65
912,286,33,4,151.06,597.98,16,2,35.77,0,1,1,1,0,1330.12
913,1043,24,7,130.26,990.34,10,2,52.22,0,0,0,1,0,2933.73
914,18,45,10,93.04,819.19,67,3,19.82,1,1,1,1,0,1688.39
915,769,39,9,95.42,929.29,56,3,32.47,0,0,1,1,0,2270.97
916,590,34,9,90.7,753.34,45,2,31.32,0,1,1,1,0,1813.19
917,1010,25,8,95.6,714.51,22,1,10.37,1,1,0,1,0,1382.56
918,194,39,10,161.1,1659.02,108,5,28.06,1,0,1,1,0,3035.75
919,502,43,12,161.99,2178.25,157,4,14.79,0,0,1,0,0,4649.51
920,988,36,9,83.62,770.25,9,2,46.93,0,1,0,1,0,2536.29
921,114,54,8,67.78,566.49,11,2,15.04,1,1,1,0,0,1325.69
922,947,40,9,116.25,1133.11,34,1,59.18,0,2,1,1,0,2995.74
923,831,45,16,93.37,1385.99,4,1,49.62,1,0,1,0,0,5994.91
924,925,36,15,66.15,1089.58,26,1,7.2,1,1,1,1,0,3029.24
925,55,43,11,99.92,1072.09,39,5,14.07,0,1,1,1,0,2612.96
926,800,25,7,133.49,1096.56,33,3,19.88,0,1,1,1,1,2631.09
927,778,29,14,35.31,613.77,18,3,37.07,0,0,1,1,1,2521.18
928,162,39,5,324.17,1946.61,35,3,54.11,1,1,0,1,1,4593.75
929,87,39,5,206.95,950.54,144,1,30.86,0,1,0,0,0,1683.29
930,55,41,8,63.63,475.85,10,2,55.99,1,0,0,0,0,1312.78
931,1032,48,11,37.51,373.13,48,2,21.97,0,1,0,1,0,890.51
932,833,18,14,121.36,1784.53,2,3,28.36,1,2,1,1,0,6125.51
933,313,23,7,141.79,1321.23,3,3,23.37,0,0,0,1,1,4809.93
934,759,37,11,46.2,530.84,36,1,49.52,1,1,1,0,0,1389.35
935,443,26,6,271.0,1549.77,5,1,23.59,1,0,0,0,0,3624.19
936,328,70,12,82.47,1069.67,1,2,53.51,0,0,1,1,0,4443.27
937,1078,41,7,75.11,467.38,8,1,34.23,0,0,1,1,0,1284.53
938,761,34,9,63.15,580.48,37,2,14.72,1,2,0,0,0,1124.0
939,579,28,5,166.8,777.84,55,1,34.53,0,0,0,1,0,1695.93
940,1075,29,9,169.08,1534.36,10,4,23.82,0,2,0,1,0,4161.68
941,1007,35,10,53.08,502.68,50,4,41.26,1,1,1,1,0,1202.47
942,96,36,12,92.73,1209.75,9,3,47.71,0,1,1,0,0,4132.82
943,814,29,9,129.32,1690.62,43,3,45.34,0,1,1,1,1,5210.07
944,491,31,9,226.18,2838.88,24,5,33.98,0,1,1,0,1,9165.71
945,452,51,10,62.29,730.91,48,1,21.69,1,1,1,1,1,1921.01
946,165,51,14,79.85,1042.34,239,2,28.66,0,1,1,1,0,2401.78
947,182,38,11,29.77,368.73,125,1,12.63,1,0,1,1,0,683.44
948,469,18,10,96.69,1233.35,0,2,62.06,0,0,1,0,1,6038.29
949,910,41,9,140.43,1431.18,97,1,22.25,0,0,0,1,0,3018.38
950,735,53,8,79.17,612.92,3,5,36.31,1,0,0,1,0,1790.73
951,823,51,13,106.07,1565.87,138,2,7.34,0,1,1,1,0,3036.94
952,944,43,3,74.33,251.48,15,3,31.27,0,1,1,1,0,591.91
953,7,52,7,112.99,829.03,22,2,7.15,1,0,1,0,0,1577.92
954,330,35,7,172.97,1342.07,4,4,58.67,1,1,1,1,1,4695.92
955,775,42,7,40.67,276.17,5,3,21.81,1,1,0,0,0,702.38
956,151,26,14,34.49,542.37,58,2,37.39,0,0,0,0,0,1319.7
957,147,38,7,129.68,1012.62,130,1,36.42,0,0,0,1,0,2072.17
958,915,50,7,128.07,812.4,42,2,10.26,0,0,1,0,0,1560.69
959,700,27,10,191.19,1854.05,57,3,20.04,1,1,0,1,0,3612.04
960,82,24,9,129.74,1285.18,65,2,21.09,0,1,1,1,0,2800.58
961,514,36,15,145.97,2240.76,14,1,4.35,1,2,1,1,0,5765.12
962,815,32,7,68.32,686.52,2,2,37.05,0,0,1,0,1,2631.27
963,709,42,5,182.4,1001.35,0,1,5.82,0,1,0,1,0,2655.94
964,746,29,10,69.2,776.57,19,3,40.49,0,0,1,1,0,2382.41
965,1023,55,8,34.24,242.46,12,5,33.72,1,3,1,0,0,618.35
966,707,19,9,55.53,446.57,3,1,47.44,0,2,0,0,0,1321.38
967,471,50,9,177.74,1399.45,9,4,3.42,0,0,1,1,0,3348.21
968,396,25,11,100.05,1244.28,6,3,57.91,0,1,1,1,0,4252.8
969,261,18,7,61.26,553.3,111,5,2.16,0,0,1,1,1,997.0
970,805,37,5,65.12,283.04,7,2,37.18,0,1,1,1,0,738.82
971,934,31,11,210.99,2196.67,35,3,7.2,0,0,0,1,0,5053.95
972,905,21,11,92.03,967.2,40,2,23.55,1,0,1,1,0,2295.54
973,1077,18,6,127.04,1082.89,35,3,7.17,0,2,1,1,1,2304.16
974,940,34,8,354.19,3033.69,5,1,19.12,0,0,1,0,0,8652.04
975,854,46,9,64.38,612.3,17,2,35.26,1,0,0,1,0,1568.14
976,593,42,5,209.65,1167.28,2,3,32.03,3,1,1,1,1,3030.43
977,714,35,8,65.48,588.42,23,3,20.74,0,1,0,1,0,1425.67
978,632,40,13,124.85,1484.6,9,1,48.92,0,1,1,1,0,5389.49
979,59,34,9,193.35,1807.51,37,1,7.78,3,0,1,1,0,3569.45
980,128,18,7,96.72,764.46,53,2,6.69,0,0,0,1,1,1872.41
981,736,18,6,44.31,302.24,34,2,7.36,0,0,1,1,1,746.68
982,721,32,9,77.84,776.76,26,2,23.19,0,4,1,1,1,2119.6
983,526,33,10,37.65,499.1,22,3,5.49,0,1,1,1,1,1286.27
984,521,45,5,179.21,930.81,83,3,27.65,1,1,1,1,0,1424.03
985,552,44,10,265.92,2300.59,11,2,22.88,0,1,1,1,0,6853.34
986,237,42,7,92.02,603.66,60,5,18.46,2,0,0,1,0,1012.21
987,494,31,12,65.1,1122.57,64,4,7.94,0,0,0,1,1,2872.56
988,4,18,10,165.23,1454.63,24,3,43.44,1,0,1,1,0,3635.59
989,666,39,9,331.48,3548.55,16,4,25.43,0,0,1,0,1,10808.63
990,442,41,9,186.65,1641.73,29,4,23.49,0,1,0,1,0,4115.7
991,29,18,8,125.6,1440.32,4,1,17.02,1,3,1,0,1,4046.82
992,610,24,8,42.59,315.65,2,4,28.74,1,0,1,0,0,919.19
993,805,26,8,41.84,500.05,5,5,56.29,1,0,0,0,1,1759.5
994,75,36,8,93.32,714.18,9,4,13.44,1,1,0,1,0,1795.06
995,838,25,13,107.49,1349.81,32,5,14.03,0,1,0,0,0,3595.44
996,128,34,12,84.87,902.97,85,1,9.46,1,1,0,0,0,1709.06
997,42,32,8,72.6,612.19,12,3,29.22,1,1,0,1,0,1638.6
998,41,33,5,64.73,298.74,123,1,39.47,0,0,1,1,0,506.92
999,934,26,15,94.2,1907.93,139,4,11.07,2,2,0,0,1,4372.16
1000,34,27,11,118.19,1192.07,144,2,23.42,2,3,1,1,0,2073.78
